run_id,source,request_count,failed_or_missing_client,input_present,client_present,server_requests_present,scheduling_available,aged_call_fraction,include_text,absent_optional_files
20260911-aged-cost-prefix-r1-s2-tau300000-n600,runs/20260911-aged-cost-prefix-r1-s2-tau300000-n600,600,0,True,True,True,True,0.41836734693877553,False,
20260911-aged-remaining-prefix-r1-s2-tau300000-n600,runs/20260911-aged-remaining-prefix-r1-s2-tau300000-n600,600,0,True,True,True,True,0.4186498300145702,False,cost-model.json
20260911-extra-burst-decode-r1-s1-fcfs-n300,runs/20260911-extra-burst-decode-r1-s1-fcfs-n300,300,0,True,True,True,True,,False,cost-model.json
20260911-extra-burst-decode-r1-s1-short-remaining-k0-n300,runs/20260911-extra-burst-decode-r1-s1-short-remaining-k0-n300,300,0,True,True,True,True,0.0,False,cost-model.json
20260911-extra-hot-prefix-r1-s1-fcfs-n300,runs/20260911-extra-hot-prefix-r1-s1-fcfs-n300,300,0,True,True,True,True,,False,cost-model.json
20260911-extra-hot-prefix-r1-s1-short-remaining-k0-n300,runs/20260911-extra-hot-prefix-r1-s1-short-remaining-k0-n300,300,0,True,True,True,True,0.0,False,cost-model.json
20260911-extra-long-wait-r1-s1-fcfs-n300,runs/20260911-extra-long-wait-r1-s1-fcfs-n300,300,0,True,True,True,True,,False,cost-model.json
20260911-extra-long-wait-r1-s1-short-remaining-k0-n300,runs/20260911-extra-long-wait-r1-s1-short-remaining-k0-n300,300,0,True,True,True,True,0.0,False,cost-model.json
20260911-loadscan-prefix-r05-s1-fcfs,runs/20260911-loadscan-prefix-r05-s1-fcfs,300,0,True,True,True,True,,False,cost-model.json
20260911-loadscan-prefix-r1-s1-fcfs,runs/20260911-loadscan-prefix-r1-s1-fcfs,300,0,True,True,True,True,,False,cost-model.json
20260911-main-prefix-r05-s1-dfs-weight-n600,runs/20260911-main-prefix-r05-s1-dfs-weight-n600,600,0,True,True,True,True,,False,cost-model.json
20260911-main-prefix-r05-s1-fcfs-n600,runs/20260911-main-prefix-r05-s1-fcfs-n600,600,0,True,True,True,True,,False,cost-model.json
20260911-main-prefix-r05-s1-hrrn-n600,runs/20260911-main-prefix-r05-s1-hrrn-n600,600,0,True,True,True,True,,False,cost-model.json
20260911-main-prefix-r05-s1-lpm-n600,runs/20260911-main-prefix-r05-s1-lpm-n600,600,0,True,True,True,True,,False,cost-model.json
20260911-main-prefix-r05-s1-short-remaining-k0-n600,runs/20260911-main-prefix-r05-s1-short-remaining-k0-n600,600,0,True,True,True,True,0.0,False,cost-model.json
20260911-main-prefix-r05-s2-dfs-weight-n600,runs/20260911-main-prefix-r05-s2-dfs-weight-n600,600,0,True,True,True,True,,False,cost-model.json
20260911-main-prefix-r05-s2-fcfs-n600,runs/20260911-main-prefix-r05-s2-fcfs-n600,600,1,True,True,True,True,,False,cost-model.json
20260911-main-prefix-r05-s2-hrrn-n600,runs/20260911-main-prefix-r05-s2-hrrn-n600,600,0,True,True,True,True,,False,cost-model.json
20260911-main-prefix-r05-s2-lpm-n600,runs/20260911-main-prefix-r05-s2-lpm-n600,600,0,True,True,True,True,,False,cost-model.json
20260911-main-prefix-r05-s2-short-remaining-k0-n600,runs/20260911-main-prefix-r05-s2-short-remaining-k0-n600,600,0,True,True,True,True,0.0,False,cost-model.json
20260911-main-prefix-r05-s3-dfs-weight-n600,runs/20260911-main-prefix-r05-s3-dfs-weight-n600,600,1,True,True,True,True,,False,cost-model.json
20260911-main-prefix-r05-s3-fcfs-n600,runs/20260911-main-prefix-r05-s3-fcfs-n600,600,0,True,True,True,True,,False,cost-model.json
20260911-main-prefix-r05-s3-hrrn-n600,runs/20260911-main-prefix-r05-s3-hrrn-n600,600,0,True,True,True,True,,False,cost-model.json
20260911-main-prefix-r05-s3-lpm-n600,runs/20260911-main-prefix-r05-s3-lpm-n600,600,1,True,True,True,True,,False,cost-model.json
20260911-main-prefix-r05-s3-short-remaining-k0-n600,runs/20260911-main-prefix-r05-s3-short-remaining-k0-n600,600,0,True,True,True,True,0.0,False,cost-model.json
20260911-main-prefix-r1-s1-dfs-weight-n600,runs/20260911-main-prefix-r1-s1-dfs-weight-n600,600,0,True,True,True,True,,False,cost-model.json
20260911-main-prefix-r1-s1-fcfs-n600,runs/20260911-main-prefix-r1-s1-fcfs-n600,600,0,True,True,True,True,,False,cost-model.json
20260911-main-prefix-r1-s1-hrrn-n600,runs/20260911-main-prefix-r1-s1-hrrn-n600,600,0,True,True,True,True,,False,cost-model.json
20260911-main-prefix-r1-s1-lpm-n600,runs/20260911-main-prefix-r1-s1-lpm-n600,600,0,True,True,True,True,,False,cost-model.json
20260911-main-prefix-r1-s1-short-remaining-k0-n600,runs/20260911-main-prefix-r1-s1-short-remaining-k0-n600,600,0,True,True,True,True,0.0,False,cost-model.json
20260911-main-prefix-r1-s2-dfs-weight-n600,runs/20260911-main-prefix-r1-s2-dfs-weight-n600,600,0,True,True,True,True,,False,cost-model.json
20260911-main-prefix-r1-s2-fcfs-n600,runs/20260911-main-prefix-r1-s2-fcfs-n600,600,0,True,True,True,True,,False,cost-model.json
20260911-main-prefix-r1-s2-hrrn-n600,runs/20260911-main-prefix-r1-s2-hrrn-n600,600,0,True,True,True,True,,False,cost-model.json
20260911-main-prefix-r1-s2-lpm-n600,runs/20260911-main-prefix-r1-s2-lpm-n600,600,0,True,True,True,True,,False,cost-model.json
20260911-main-prefix-r1-s2-short-remaining-k0-n600,runs/20260911-main-prefix-r1-s2-short-remaining-k0-n600,600,0,True,True,True,True,0.0,False,cost-model.json
20260911-main-prefix-r1-s3-dfs-weight-n600,runs/20260911-main-prefix-r1-s3-dfs-weight-n600,600,0,True,True,True,True,,False,cost-model.json
20260911-main-prefix-r1-s3-fcfs-n600,runs/20260911-main-prefix-r1-s3-fcfs-n600,600,0,True,True,True,True,,False,cost-model.json
20260911-main-prefix-r1-s3-hrrn-n600,runs/20260911-main-prefix-r1-s3-hrrn-n600,600,0,True,True,True,True,,False,cost-model.json
20260911-main-prefix-r1-s3-lpm-n600,runs/20260911-main-prefix-r1-s3-lpm-n600,600,0,True,True,True,True,,False,cost-model.json
20260911-main-prefix-r1-s3-short-remaining-k0-n600,runs/20260911-main-prefix-r1-s3-short-remaining-k0-n600,600,0,True,True,True,True,0.0,False,cost-model.json
20260911-no-trace-prefix-r4-s2-short-remaining-k64,runs/20260911-no-trace-prefix-r4-s2-short-remaining-k64,300,0,True,True,False,False,,False,server-trace.json;cost-model.json;gpu.jsonl
20260911-short-remaining-prefix-r4-s2-k0,runs/20260911-short-remaining-prefix-r4-s2-k0,0,0,False,False,False,False,,False,run.json;summary.json;server-info.json;server-trace.json;input.meta.json;cost-model.json;gpu.jsonl;environment-gpu.txt;environment-packages.txt
20260911-short-remaining-prefix-r4-s2-k0-retry1,runs/20260911-short-remaining-prefix-r4-s2-k0-retry1,300,0,True,True,True,True,0.0,False,cost-model.json
20260911-short-remaining-prefix-r4-s2-k128,runs/20260911-short-remaining-prefix-r4-s2-k128,300,0,True,True,True,True,0.0,False,cost-model.json
20260911-short-remaining-prefix-r4-s3-k0,runs/20260911-short-remaining-prefix-r4-s3-k0,300,0,True,True,True,True,0.0,False,cost-model.json
20260911-short-remaining-prefix-r4-s3-k128,runs/20260911-short-remaining-prefix-r4-s3-k128,300,0,True,True,True,True,0.0,False,cost-model.json
20260911-text-fcfs,runs/20260911-text-fcfs,0,0,True,True,True,True,,False,input.meta.json;cost-model.json
20260911-text-short-remaining,runs/20260911-text-short-remaining,0,0,True,True,True,True,,False,input.meta.json;cost-model.json
20260911-trace-prefix-r4-s2-short-remaining-k64,runs/20260911-trace-prefix-r4-s2-short-remaining-k64,300,0,True,True,True,True,0.0,False,cost-model.json
20260914-main-prefix-r05-s2-fcfs-n600-retry1,runs/20260914-main-prefix-r05-s2-fcfs-n600-retry1,600,1,True,True,True,True,,False,cost-model.json
20260914-main-prefix-r05-s2-fcfs-n600-retry2,runs/20260914-main-prefix-r05-s2-fcfs-n600-retry2,600,1,True,True,True,True,,False,cost-model.json
20260914-main-prefix-r05-s2-fcfs-n600-retry3,runs/20260914-main-prefix-r05-s2-fcfs-n600-retry3,600,1,True,True,True,True,,False,cost-model.json
20260914-main-prefix-r05-s3-dfs-weight-n600-retry1,runs/20260914-main-prefix-r05-s3-dfs-weight-n600-retry1,600,0,True,True,True,True,,False,cost-model.json
20260914-main-prefix-r05-s3-lpm-n600-retry1,runs/20260914-main-prefix-r05-s3-lpm-n600-retry1,600,0,True,True,True,True,,False,cost-model.json
20260914-text-fcfs,runs/20260914-text-fcfs,3,0,True,True,True,True,,True,input.meta.json;cost-model.json
20260914-text-short-remaining,runs/20260914-text-short-remaining,3,0,True,True,True,True,0.0,True,input.meta.json;cost-model.json
aged-cost-prefix-r4-s1,runs/aged-cost-prefix-r4-s1,300,0,True,True,True,True,0.9860834990059643,False,
aged-remaining-mixed-r1-s1,runs/aged-remaining-mixed-r1-s1,300,0,True,True,True,True,0.3362521891418564,False,cost-model.json
aged-remaining-prefix-r4-s1,runs/aged-remaining-prefix-r4-s1,300,0,True,True,True,True,0.9870903674280039,False,cost-model.json
aged-remaining-prefix-r4-s1-tau100,runs/aged-remaining-prefix-r4-s1-tau100,300,0,True,True,True,True,0.9870775347912525,False,cost-model.json
aged-remaining-prefix-r4-s1-tau1000,runs/aged-remaining-prefix-r4-s1-tau1000,300,0,True,True,True,True,0.9840954274353877,False,cost-model.json
calibration-a6000-r1,runs/calibration-a6000-r1,352,0,True,True,True,True,,False,summary.json;input.meta.json;cost-model.json
dfs-weight-mixed-r1-s1,runs/dfs-weight-mixed-r1-s1,0,0,False,False,False,False,,False,run.json;summary.json;server-info.json;server-trace.json;input.meta.json;cost-model.json;gpu.jsonl;environment-gpu.txt;environment-packages.txt
dfs-weight-mixed-r1-s1-retry1,runs/dfs-weight-mixed-r1-s1-retry1,0,0,False,False,False,False,,False,run.json;summary.json;server-info.json;server-trace.json;input.meta.json;cost-model.json;gpu.jsonl;environment-gpu.txt;environment-packages.txt
dfs-weight-mixed-r1-s1-retry2,runs/dfs-weight-mixed-r1-s1-retry2,300,0,True,True,True,True,,False,cost-model.json
dfs-weight-prefix-r4-s1,runs/dfs-weight-prefix-r4-s1,300,0,True,True,True,True,,False,cost-model.json
dfs-weight-prefix-r4-s2,runs/dfs-weight-prefix-r4-s2,300,0,True,True,True,True,,False,cost-model.json
dfs-weight-prefix-r4-s3,runs/dfs-weight-prefix-r4-s3,300,0,True,True,True,True,,False,cost-model.json
fcfs-mixed-r1-s1,runs/fcfs-mixed-r1-s1,300,300,True,False,False,False,,False,summary.json;server-info.json;server-trace.json;cost-model.json;gpu.jsonl
fcfs-mixed-r1-s1-retry1,runs/fcfs-mixed-r1-s1-retry1,300,300,True,False,False,False,,False,summary.json;server-info.json;server-trace.json;cost-model.json;gpu.jsonl
fcfs-mixed-r1-s1-retry2,runs/fcfs-mixed-r1-s1-retry2,300,1,True,True,True,True,,False,cost-model.json
fcfs-prefix-r4-s1,runs/fcfs-prefix-r4-s1,300,0,True,True,True,True,,False,cost-model.json
fcfs-prefix-r4-s2,runs/fcfs-prefix-r4-s2,300,0,True,True,True,True,,False,cost-model.json
fcfs-prefix-r4-s3,runs/fcfs-prefix-r4-s3,300,0,True,True,True,True,,False,cost-model.json
hrrn-mixed-r1-s1,runs/hrrn-mixed-r1-s1,300,0,True,True,True,True,,False,cost-model.json
hrrn-prefix-r4-s1,runs/hrrn-prefix-r4-s1,300,1,True,True,True,True,,False,cost-model.json
hrrn-prefix-r4-s2,runs/hrrn-prefix-r4-s2,300,0,True,True,True,True,,False,cost-model.json
hrrn-prefix-r4-s3,runs/hrrn-prefix-r4-s3,300,0,True,True,True,True,,False,cost-model.json
lpm-mixed-r1-s1,runs/lpm-mixed-r1-s1,300,0,True,True,True,True,,False,cost-model.json
lpm-prefix-r4-s1,runs/lpm-prefix-r4-s1,300,0,True,True,True,True,,False,cost-model.json
lpm-prefix-r4-s2,runs/lpm-prefix-r4-s2,300,0,True,True,True,True,,False,cost-model.json
lpm-prefix-r4-s3,runs/lpm-prefix-r4-s3,300,0,True,True,True,True,,False,cost-model.json
short-input-mixed-r1-s1,runs/short-input-mixed-r1-s1,300,1,True,True,True,True,0.0,False,cost-model.json
short-input-prefix-r4-s1,runs/short-input-prefix-r4-s1,300,0,True,True,True,True,0.0,False,cost-model.json
short-remaining-mixed-r1-s1,runs/short-remaining-mixed-r1-s1,300,1,True,True,True,True,0.0,False,cost-model.json
short-remaining-prefix-r4-s1,runs/short-remaining-prefix-r4-s1,300,0,True,True,True,True,0.0,False,cost-model.json
short-remaining-prefix-r4-s1-k0,runs/short-remaining-prefix-r4-s1-k0,300,0,True,True,True,True,0.0,False,cost-model.json
short-remaining-prefix-r4-s1-k128,runs/short-remaining-prefix-r4-s1-k128,300,300,True,False,False,False,,False,summary.json;server-info.json;server-trace.json;cost-model.json;gpu.jsonl
short-remaining-prefix-r4-s1-k128-retry1,runs/short-remaining-prefix-r4-s1-k128-retry1,300,0,True,True,True,True,0.0,False,cost-model.json
short-remaining-prefix-r4-s1-k32,runs/short-remaining-prefix-r4-s1-k32,300,0,True,True,True,True,0.0,False,cost-model.json
short-remaining-prefix-r4-s2,runs/short-remaining-prefix-r4-s2,300,0,True,True,True,True,0.0,False,cost-model.json
short-remaining-prefix-r4-s3,runs/short-remaining-prefix-r4-s3,300,0,True,True,True,True,0.0,False,cost-model.json
